kata_kunci,judul,url,sentiment_textblob,polarity_textblob,sentiment_vader,compound_vader,sentiment_keyword,score_keyword,sentiment_ensemble,interpretasi
Bank Central Asia,"BCA Kantongi Laba Rp 54,8 T Sepanjang 2024",https://finance.detik.com/bursa-dan-valas/d-7746609/bca-kantongi-laba-rp-54-8-t-sepanjang-2024,Neutral,0.0,Positive,0.25,Positive,43,Positive,Positif
Bank Central Asia,Rincian Utang Bejibun Sritex ke 28 Bank,https://finance.detik.com/moneter/d-7611176/rincian-utang-bejibun-sritex-ke-28-bank,Neutral,-0.017857142857142856,Neutral,0.1027,Neutral,-1,Neutral,Netral
Bank Central Asia,Perbankan Siapkan Uang Tunai Tambahan buat Periode Libur Nataru,https://finance.detik.com/moneter/d-7683138/perbankan-siapkan-uang-tunai-tambahan-buat-periode-libur-nataru,Neutral,0.0,Neutral,0.0,Positive,10,Positive,Positif
Bank Central Asia,"Pengumuman! Biaya Admin & Limit Transaksi BCA Naik Mulai 19 Januari, Ini Rinciannya",https://finance.detik.com/moneter/d-7123612/pengumuman-biaya-admin-limit-transaksi-bca-naik-mulai-19-januari-ini-rinciannya,Neutral,0.0,Neutral,0.0516,Positive,9,Positive,Positif
Bank Central Asia,Limit Transaksi dan Biaya Admin BCA Naik Mulai Hari Ini,https://www.detik.com/jateng/bisnis/d-7149438/limit-transaksi-dan-biaya-admin-bca-naik-mulai-hari-ini,Neutral,0.0,Neutral,0.0516,Positive,6,Positive,Positif
Bank Central Asia,BCA Tutup Rekening yang Saldonya Cuma Segini Mulai Besok,https://www.detik.com/sumbagsel/berita/d-7011613/bca-tutup-rekening-yang-saldonya-cuma-segini-mulai-besok,Neutral,0.0,Neutral,0.0,Neutral,0,Neutral,Netral
Bank Central Asia,BRI Dinobatkan Jadi Perusahaan Publik Terbesar di RI Versi Forbes Global,https://finance.detik.com/berita-ekonomi-bisnis/d-7970201/bri-dinobatkan-jadi-perusahaan-publik-terbesar-di-ri-versi-forbes-global,Neutral,0.0,Positive,0.9153,Positive,18,Positive,Sangat Positif
Bank Central Asia,"Bagikan 147 Sertifikat Halal untuk UMKM, BCA Klaim Omzet Bisa Naik 10 Persen",https://www.detik.com/bali/bisnis/d-7743428/bagikan-147-sertifikat-halal-untuk-umkm-bca-klaim-omzet-bisa-naik-10-persen,Neutral,0.0,Neutral,0.0,Positive,10,Positive,Positif
Bank Central Asia,"BCA Siapkan Rp 70,22 Triliun Uang Tunai buat Lebaran",https://finance.detik.com/moneter/d-7819664/bca-siapkan-rp-70-22-triliun-uang-tunai-buat-lebaran,Neutral,0.0,Positive,0.3612,Positive,15,Positive,Positif
Bank Central Asia,"Cara Tarik Tunai Tanpa Kartu di ATM BCA 2025, Cepat dan Aman",https://finance.detik.com/moneter/d-7779200/cara-tarik-tunai-tanpa-kartu-di-atm-bca-2025-cepat-dan-aman,Neutral,0.1,Neutral,0.0,Neutral,0,Neutral,Netral
Bank Central Asia,"Dolar AS Ngamuk, Bank Mulai Jual Rp 17.000",https://finance.detik.com/bursa-dan-valas/d-7859743/dolar-as-ngamuk-bank-mulai-jual-rp-17-000,Positive,0.2380952380952381,Positive,0.6597,Neutral,0,Neutral,Netral
Bank Central Asia,"Dolar AS Makin Perkasa, Bank Mulai Jual Rp 17.000",https://finance.detik.com/bursa-dan-valas/d-7859501/dolar-as-makin-perkasa-bank-mulai-jual-rp-17-000,Positive,0.2380952380952381,Positive,0.6597,Neutral,0,Neutral,Netral
Bank Central Asia,Berapa Harga Saham BBCA Hari Ini?,https://finance.detik.com/bursa-dan-valas/d-7632680/berapa-harga-saham-bbca-hari-ini,Neutral,0.0,Neutral,0.0,Negative,-5,Negative,Negatif
Bank Central Asia,"IHSG Menguat Jelang Jeda Siang, Saham Bank BUMN Jadi Top Gainers LQ45",https://finance.detik.com/bursa-dan-valas/d-7842275/ihsg-menguat-jelang-jeda-siang-saham-bank-bumn-jadi-top-gainers-lq45,Positive,0.21250000000000002,Positive,0.8271,Negative,-8,Negative,Negatif
Bank Central Asia,"Beasiswa BCA 2026 Dibuka, Kuliah Bisnis, Perbankan, dan IT Gratis",https://www.detik.com/edu/beasiswa/d-7865521/beasiswa-bca-2026-dibuka-kuliah-bisnis-perbankan-dan-it-gratis,Neutral,0.05,Neutral,0.0516,Neutral,0,Neutral,Netral
Bank Central Asia,Saham BUMN di LQ45 Ikut Ambruk Kala IHSG Terjun Bebas,https://finance.detik.com/bursa-dan-valas/d-7858691/saham-bumn-di-lq45-ikut-ambruk-kala-ihsg-terjun-bebas,Neutral,0.0,Negative,-0.5267,Negative,-40,Negative,Sangat Negatif
Bank Central Asia,Sikap Nicholas Saputra Saat Para Mahasiswa Antusias Mengabdi Untuk Desa,https://hot.detik.com/celeb/d-7963137/sikap-nicholas-saputra-saat-para-mahasiswa-antusias-mengabdi-untuk-desa,Positive,0.3190476190476191,Positive,0.9136,Positive,4,Positive,Sangat Positif
Bank Central Asia,"IHSG Anjlok ke 6.223, Dana Asing Cabut Rp 885,84 M",https://finance.detik.com/bursa-dan-valas/d-7829834/ihsg-anjlok-ke-6-223-dana-asing-cabut-rp-885-84-m,Neutral,0.0,Neutral,0.0,Negative,-12,Negative,Negatif
Bank Central Asia,"BCA Pemberi Utang Terbesar ke Sritex, Segini Nilainya",https://finance.detik.com/moneter/d-7610460/bca-pemberi-utang-terbesar-ke-sritex-segini-nilainya,Neutral,-0.004232804232804232,Neutral,0.1027,Neutral,2,Neutral,Netral
Bank Central Asia,Bos BCA Ungkap Penyebab Saham Perbankan Sempat Melemah,https://finance.detik.com/bursa-dan-valas/d-7882766/bos-bca-ungkap-penyebab-saham-perbankan-sempat-melemah,Neutral,0.0,Neutral,0.0,Negative,-9,Negative,Negatif
Bank Rakyat Indonesia,"Gelar BRImo FSTVL, Tabungan Nasabah BRI Naik Rp 26,5 Triliun!",https://finance.detik.com/moneter/d-7893282/gelar-brimo-fstvl-tabungan-nasabah-bri-naik-rp-26-5-triliun,Neutral,0.04666666666666667,Positive,0.8316,Positive,24,Positive,Sangat Positif
Bank Rakyat Indonesia,"Dua Direksi Diboyong ke BRI, Ini Respons BSI",https://finance.detik.com/moneter/d-7841652/dua-direksi-diboyong-ke-bri-ini-respons-bsi,Neutral,0.0875,Positive,0.4767,Positive,24,Positive,Positif
Bank Rakyat Indonesia,"Museum Bank Rakyat Indonesia: Lokasi, Jam Buka, Harga, Daya Tarik, dan Rute",https://www.detik.com/jateng/wisata/d-7413335/museum-bank-rakyat-indonesia-lokasi-jam-buka-harga-daya-tarik-dan-rute,Neutral,0.0,Neutral,0.0516,Neutral,-1,Neutral,Netral
Bank Rakyat Indonesia,"Aset BRI Tembus Rp 2.098 Triliun, Tumbuh 5,49%",https://finance.detik.com/moneter/d-7892556/aset-bri-tembus-rp-2-098-triliun-tumbuh-5-49,Neutral,0.0,Positive,0.4215,Positive,31,Positive,Positif
Bank Rakyat Indonesia,5 Bank Tertua di Indonesia yang Masih Berdiri,https://finance.detik.com/moneter/d-7581185/5-bank-tertua-di-indonesia-yang-masih-berdiri,Neutral,-0.023809523809523808,Negative,-0.2263,Positive,3,Positive,Positif
Bank Rakyat Indonesia,Tarik Tunai Tanpa Kartu bakal Bisa hingga ke Bank Digital dan BPD,https://finance.detik.com/moneter/d-7692992/tarik-tunai-tanpa-kartu-bakal-bisa-hingga-ke-bank-digital-dan-bpd,Neutral,0.0,Neutral,0.1027,Neutral,0,Neutral,Netral
Bank Rakyat Indonesia,"Manfaatkan AI, BRI Tegaskan Peran Manusia Tak Tergantikan",https://finance.detik.com/berita-ekonomi-bisnis/d-7681756/manfaatkan-ai-bri-tegaskan-peran-manusia-tak-tergantikan,Neutral,0.0,Positive,0.8658,Positive,8,Positive,Sangat Positif
Bank Rakyat Indonesia,Pengguna BRIZZI Tembus 24 Juta Orang di November 2024,https://finance.detik.com/berita-ekonomi-bisnis/d-7678690/pengguna-brizzi-tembus-24-juta-orang-di-november-2024,Neutral,0.07500000000000001,Negative,-0.5719,Positive,5,Positive,Positif
Bank Rakyat Indonesia,Tren Penurunan Saham BBRI: Sekadar Koreksi atau Sinyal Bahaya?,https://finance.detik.com/bursa-dan-valas/d-7878383/tren-penurunan-saham-bbri-sekadar-koreksi-atau-sinyal-bahaya,Neutral,0.075,Positive,0.296,Negative,-13,Negative,Negatif
Bank Rakyat Indonesia,"Investor Asing Ramai-ramai Lepas Saham Bank BUMN, Begini Datanya",https://finance.detik.com/bursa-dan-valas/d-7880719/investor-asing-ramai-ramai-lepas-saham-bank-bumn-begini-datanya,Neutral,0.0,Neutral,0.0,Neutral,-1,Neutral,Netral
Bank Rakyat Indonesia,"Cuan! BRI Cetak Laba Rp 45,36 T di Kuartal III-2024",https://finance.detik.com/bursa-dan-valas/d-7613263/cuan-bri-cetak-laba-rp-45-36-t-di-kuartal-iii-2024,Neutral,0.0,Neutral,0.1027,Positive,35,Positive,Positif
Bank Rakyat Indonesia,BP Danantara Panggil Bos Telkom dan BRI Hari Ini,https://finance.detik.com/berita-ekonomi-bisnis/d-7645723/bp-danantara-panggil-bos-telkom-dan-bri-hari-ini,Neutral,0.0,Positive,0.8591,Positive,7,Positive,Sangat Positif
Bank Rakyat Indonesia,Begini Cara BRI Perkuat Skor ESG,https://finance.detik.com/ekonomi-hijau/d-7537607/begini-cara-bri-perkuat-skor-esg,Neutral,0.09666666666666666,Negative,-0.4939,Positive,5,Positive,Positif
Bank Rakyat Indonesia,Strategi BRI Dukung Ekonomi Lewat Pembiayaan Berkelanjutan,https://finance.detik.com/ekonomi-hijau/d-7466809/strategi-bri-dukung-ekonomi-lewat-pembiayaan-berkelanjutan,Neutral,-0.10000000000000002,Negative,-0.296,Neutral,0,Neutral,Netral
Bank Rakyat Indonesia,Bos BRI Ungkap Kriteria Hapus Tagih Utang UMKM,https://finance.detik.com/moneter/d-7636846/bos-bri-ungkap-kriteria-hapus-tagih-utang-umkm,Neutral,-0.1,Neutral,0.0,Neutral,-2,Neutral,Netral
Bank Rakyat Indonesia,"Tantangan Pembiayaan Berkelanjutan di RI, Proyek Ramah Lingkungan Masih Langka",https://finance.detik.com/ekonomi-hijau/d-7537461/tantangan-pembiayaan-berkelanjutan-di-ri-proyek-ramah-lingkungan-masih-langka,Negative,-0.20000000000000004,Neutral,0.0,Negative,-3,Negative,Negatif
Bank Rakyat Indonesia,Bukan Main! Kredit Sektor UMKM BRI Tembus Rp 1.095 Triliun,https://finance.detik.com/moneter/d-7456389/bukan-main-kredit-sektor-umkm-bri-tembus-rp-1-095-triliun,Neutral,0.08333333333333333,Positive,0.6486,Positive,11,Positive,Sangat Positif
Bank Rakyat Indonesia,"BRI Konsisten Salurkan FLPP, Dukung Akses Hunian Terjangkau untuk Warga",https://www.detik.com/properti/berita/d-7983900/bri-konsisten-salurkan-flpp-dukung-akses-hunian-terjangkau-untuk-warga,Neutral,0.0,Neutral,0.0,Positive,8,Positive,Positif
Bank Rakyat Indonesia,"BRI Borong 11 Penghargaan Finance Asia, Sunarso Jadi The Best CEO",https://finance.detik.com/moneter/d-7412189/bri-borong-11-penghargaan-finance-asia-sunarso-jadi-the-best-ceo,Positive,0.5274149659863946,Positive,0.9981,Positive,12,Positive,Sangat Positif
Bank Rakyat Indonesia,"BRI Usung Teknologi AI di Layanannya, Banyak yang Sudah Rilis",https://inet.detik.com/cyberlife/d-7407993/bri-usung-teknologi-ai-di-layanannya-banyak-yang-sudah-rilis,Neutral,0.049999999999999996,Positive,0.3818,Positive,4,Positive,Positif
Chandra Asri Pacific,Chandra Asri Group Raih Pinjaman Sindikasi Berkelanjutan US$ 800 Juta,https://finance.detik.com/berita-ekonomi-bisnis/d-7463425/chandra-asri-group-raih-pinjaman-sindikasi-berkelanjutan-us-800-juta,Neutral,-0.027551020408163263,Negative,-0.4215,Positive,7,Positive,Positif
Chandra Asri Pacific,Danantara & Chandra Asri Jajaki Kerja Sama Garap Proyek Rp 13 T,https://finance.detik.com/infrastruktur/d-7968009/danantara-chandra-asri-jajaki-kerja-sama-garap-proyek-rp-13-t,Neutral,0.0,Neutral,0.0772,Positive,19,Positive,Positif
Chandra Asri Pacific,Upaya Chandra Asri Group Dorong Kesejahteraan Masyarakat,https://news.detik.com/berita/d-7896964/upaya-chandra-asri-group-dorong-kesejahteraan-masyarakat,Neutral,0.05,Neutral,0.128,Positive,14,Positive,Positif
Chandra Asri Pacific,Chandra Asri Ungkap Kronologi Sekelompok Orang Datangi Proyek di Cilegon,https://finance.detik.com/berita-ekonomi-bisnis/d-7917388/chandra-asri-ungkap-kronologi-sekelompok-orang-datangi-proyek-di-cilegon,Neutral,0.19,Positive,0.5267,Negative,-3,Negative,Negatif
Chandra Asri Pacific,Chandra Asri Group Daftarkan 200 Mahasiswa Ikuti Pelatihan Komcad,https://news.detik.com/berita/d-7906392/chandra-asri-group-daftarkan-200-mahasiswa-ikuti-pelatihan-komcad,Neutral,0.0,Neutral,0.0,Positive,13,Positive,Positif
Chandra Asri Pacific,"28 Perusahaan Antre Masuk Bursa, Ada Anak Usaha Chandra Asri",https://finance.detik.com/bursa-dan-valas/d-7958242/28-perusahaan-antre-masuk-bursa-ada-anak-usaha-chandra-asri,Neutral,0.0,Neutral,0.0,Neutral,0,Neutral,Netral
Chandra Asri Pacific,"Ditopang Kas US$ 1,2 M, Chandra Asri Catat Likuiditas Kokoh hingga Q3 2024",https://finance.detik.com/berita-ekonomi-bisnis/d-7616427/ditopang-kas-us-1-2-m-chandra-asri-catat-likuiditas-kokoh-hingga-q3-2024,Neutral,0.044444444444444446,Positive,0.5719,Positive,58,Positive,Sangat Positif
Chandra Asri Pacific,"3 Perusahaan Jumbo Bakal IPO, Salah Satunya Emiten Prajogo Pangestu",https://finance.detik.com/bursa-dan-valas/d-7978863/3-perusahaan-jumbo-bakal-ipo-salah-satunya-emiten-prajogo-pangestu,Neutral,0.0,Neutral,0.0,Neutral,2,Neutral,Netral
Chandra Asri Pacific,"Chandra Asri Group Gelar Kompetisi Bisnis Mahasiswa, Berhadiah Rp 30 Juta",https://www.detik.com/edu/edutainment/d-7546375/chandra-asri-group-gelar-kompetisi-bisnis-mahasiswa-berhadiah-rp-30-juta,Neutral,-0.04,Positive,0.4588,Positive,4,Positive,Positif
Chandra Asri Pacific,Pabrik Petrokima Chandra Asri dalam Perawatan,https://finance.detik.com/industri/d-7344646/pabrik-petrokima-chandra-asri-dalam-perawatan,Neutral,0.0,Neutral,0.0,Positive,10,Positive,Positif
Chandra Asri Pacific,Chandra Asri Optimistis Bisnis Infrastruktur Topang Kinerja Perusahaan,https://finance.detik.com/infrastruktur/d-7366918/chandra-asri-optimistis-bisnis-infrastruktur-topang-kinerja-perusahaan,Neutral,0.0,Positive,0.2732,Positive,51,Positive,Positif
Chandra Asri Pacific,"Perusahaan Prajogo Pangestu Mau IPO, Incar Dana Segar Rp 2,37 T",https://finance.detik.com/bursa-dan-valas/d-7971570/perusahaan-prajogo-pangestu-mau-ipo-incar-dana-segar-rp-2-37-t,Neutral,0.0,Neutral,0.0,Positive,10,Positive,Positif
Chandra Asri Pacific,"Buntut Anak Buah Palak Proyek Rp 5 T, Anindya Kumpulkan Pimpinan Kadin Daerah",https://finance.detik.com/berita-ekonomi-bisnis/d-7929989/buntut-anak-buah-palak-proyek-rp-5-t-anindya-kumpulkan-pimpinan-kadin-daerah,Neutral,0.0,Neutral,0.0,Neutral,0,Neutral,Netral
Chandra Asri Pacific,Nilai Ekspor Industri Kimia RI Sentuh Rp 284 T di Tahun 2024,https://finance.detik.com/industri/d-7825908/nilai-ekspor-industri-kimia-ri-sentuh-rp-284-t-di-tahun-2024,Neutral,0.0,Neutral,0.0772,Positive,19,Positive,Positif
Chandra Asri Pacific,"Perusahaan Respons Aksi Ormas di Kawasan Industri, Minta Kepastian Hukum",https://finance.detik.com/berita-ekonomi-bisnis/d-7824140/perusahaan-respons-aksi-ormas-di-kawasan-industri-minta-kepastian-hukum,Neutral,0.2,Positive,0.34,Positive,9,Positive,Positif
Chandra Asri Pacific,Anindya Nonaktifkan Pengurus Kadin Cilegon yang Minta Jatah Proyek Rp 5 T,https://finance.detik.com/berita-ekonomi-bisnis/d-7918327/anindya-nonaktifkan-pengurus-kadin-cilegon-yang-minta-jatah-proyek-rp-5-t,Neutral,0.0,Neutral,0.0,Neutral,0,Neutral,Netral
Chandra Asri Pacific,Modus Oplos BBM,https://finance.detik.com/energi/d-7800345/modus-oplos-bbm,Neutral,0.10000000000000002,Positive,0.7184,Negative,-3,Negative,Negatif
Chandra Asri Pacific,Sekda Cilegon Tinjau Pilot Project Program Makan Bergizi Gratis,https://news.detik.com/berita/d-7497462/sekda-cilegon-tinjau-pilot-project-program-makan-bergizi-gratis,Neutral,0.0,Positive,0.25,Positive,4,Positive,Positif
Chandra Asri Pacific,KPPI Selidiki Lonjakan Impor Bahan Baku Plastik,https://finance.detik.com/industri/d-7534488/kppi-selidiki-lonjakan-impor-bahan-baku-plastik,Neutral,0.0,Positive,0.6908,Negative,-35,Negative,Negatif
Chandra Asri Pacific,"Wujudkan Kota Ramah Lingkungan, Kota Deltamas Manfaatkan Aspal Plastik",https://www.detik.com/properti/berita/d-7373157/wujudkan-kota-ramah-lingkungan-kota-deltamas-manfaatkan-aspal-plastik,Neutral,-0.023966942148760332,Positive,0.4404,Neutral,0,Neutral,Netral
Barito Renewables Energy,Orang Terkaya RI Borong Saham BREN Rp 181 M,https://finance.detik.com/bursa-dan-valas/d-7571977/orang-terkaya-ri-borong-saham-bren-rp-181-m,Neutral,0.0,Positive,0.6486,Positive,10,Positive,Sangat Positif
Barito Renewables Energy,"Saham Emiten Prajogo Pengestu Rontok, Ada Apa?",https://finance.detik.com/bursa-dan-valas/d-7770916/saham-emiten-prajogo-pengestu-rontok-ada-apa,Neutral,0.09999999999999999,Neutral,-0.128,Neutral,-2,Neutral,Netral
Barito Renewables Energy,"IHSG Lagi Obral Gede-gedean, Bagusnya Beli Saham Apa?",https://finance.detik.com/bursa-dan-valas/d-7771632/ihsg-lagi-obral-gede-gedean-bagusnya-beli-saham-apa,Neutral,0.1125,Positive,0.6249,Negative,-8,Negative,Negatif
Barito Renewables Energy,5 Konglomerat yang Ikut Bangun 3 Juta Rumah,https://www.detik.com/properti/berita/d-7613430/5-konglomerat-yang-ikut-bangun-3-juta-rumah,Positive,0.32,Positive,0.9432,Neutral,2,Neutral,Netral
Barito Renewables Energy,"BNI Danai Akuisisi PLTB Sidrap Rp 1,6 Triliun",https://finance.detik.com/energi/d-7320866/bni-danai-akuisisi-pltb-sidrap-rp-1-6-triliun,Neutral,-0.013265306122448976,Positive,0.836,Positive,7,Positive,Sangat Positif
Barito Renewables Energy,IHSG Sentuh Rekor Baru Usai Jokowi Reshuffle Kabinet,https://finance.detik.com/bursa-dan-valas/d-7498065/ihsg-sentuh-rekor-baru-usai-jokowi-reshuffle-kabinet,Neutral,0.16,Positive,0.6124,Neutral,2,Neutral,Netral
Barito Renewables Energy,BREN dan MSTI Masuk Indeks Global FTSE,https://finance.detik.com/bursa-dan-valas/d-7359331/bren-dan-msti-masuk-indeks-global-ftse,Neutral,-0.003246753246753248,Positive,0.4939,Positive,3,Positive,Positif
Barito Renewables Energy,"Prajogo Pangestu Jadi Orang Terkaya ke-27 di Dunia, Hartanya Rp 1.000 T",https://finance.detik.com/berita-ekonomi-bisnis/d-7336744/prajogo-pangestu-jadi-orang-terkaya-ke-27-di-dunia-hartanya-rp-1-000-t,Neutral,0.02500000000000001,Positive,0.4404,Positive,12,Positive,Positif
Barito Renewables Energy,3 Orang RI Ini Punya Harta Lebih Banyak dari Jack Ma,https://finance.detik.com/berita-ekonomi-bisnis/d-7288347/3-orang-ri-ini-punya-harta-lebih-banyak-dari-jack-ma,Neutral,0.07272727272727274,Negative,-0.2732,Positive,6,Positive,Positif
Barito Renewables Energy,Ini Dia 3 Orang Indonesia yang Lebih Kaya dari Jack Ma,https://finance.detik.com/berita-ekonomi-bisnis/d-7286958/ini-dia-3-orang-indonesia-yang-lebih-kaya-dari-jack-ma,Neutral,0.07272727272727274,Negative,-0.2732,Positive,6,Positive,Positif
Barito Renewables Energy,Harta Kekayaan Jack Ma Kalah Sama 3 Orang Indonesia Ini,https://finance.detik.com/berita-ekonomi-bisnis/d-7285546/harta-kekayaan-jack-ma-kalah-sama-3-orang-indonesia-ini,Neutral,0.06666666666666667,Negative,-0.4939,Positive,6,Positive,Positif
Barito Renewables Energy,"Sinyal Percaya, Patrick Walujo Beli Saham GOTO Total Rp 26 M",https://finance.detik.com/bursa-dan-valas/d-7406569/sinyal-percaya-patrick-walujo-beli-saham-goto-total-rp-26-m,Neutral,0.0,Negative,-0.2732,Positive,13,Positive,Positif
Barito Renewables Energy,Emiten Prajogo Pangestu Caplok 3 Aset Pembangkit 'Kebun Angin' RI,https://finance.detik.com/bursa-dan-valas/d-7124030/emiten-prajogo-pangestu-caplok-3-aset-pembangkit-kebun-angin-ri,Neutral,-0.05357142857142857,Positive,0.1531,Neutral,2,Neutral,Netral
Barito Renewables Energy,"Harta Tembus Rp 855 Triliun, Prajogo Pangestu Jadi Orang Terkaya di RI",https://finance.detik.com/berita-ekonomi-bisnis/d-7125741/harta-tembus-rp-855-triliun-prajogo-pangestu-jadi-orang-terkaya-di-ri,Neutral,0.0,Positive,0.2732,Positive,13,Positive,Positif
Barito Renewables Energy,"Prajogo Pangestu Jadi Orang Terkaya ke-24 Dunia, Hartanya Tembus Rp 859 T",https://finance.detik.com/berita-ekonomi-bisnis/d-7124751/prajogo-pangestu-jadi-orang-terkaya-ke-24-dunia-hartanya-tembus-rp-859-t,Neutral,0.1,Positive,0.6486,Positive,12,Positive,Sangat Positif
Barito Renewables Energy,Prajogo Pangestu Ini Jadi Orang RI Pertama yang Berharta Rp 752 T!,https://finance.detik.com/berita-ekonomi-bisnis/d-7080292/prajogo-pangestu-ini-jadi-orang-ri-pertama-yang-berharta-rp-752-t,Neutral,0.0,Positive,0.4939,Positive,3,Positive,Positif
Barito Renewables Energy,"Daftar 5 Orang Terkaya Indonesia, Konglomerat Batu Bara Geser Bos Djarum",https://finance.detik.com/berita-ekonomi-bisnis/d-7151380/daftar-5-orang-terkaya-indonesia-konglomerat-batu-bara-geser-bos-djarum,Neutral,0.0,Negative,-0.2732,Neutral,2,Neutral,Netral
Barito Renewables Energy,Prajogo Pangestu Jadi Orang RI Pertama yang Hartanya Tembus Rp 700 T,https://finance.detik.com/berita-ekonomi-bisnis/d-7071487/prajogo-pangestu-jadi-orang-ri-pertama-yang-hartanya-tembus-rp-700-t,Neutral,0.13636363636363635,Positive,0.6486,Positive,6,Positive,Sangat Positif
Barito Renewables Energy,"Jadi Sorotan Internasional, Turnamen Golf Tingkat ASEAN Sukses Digelar",https://www.detik.com/jabar/jabar-gaskeun/d-7332103/jadi-sorotan-internasional-turnamen-golf-tingkat-asean-sukses-digelar,Neutral,0.2,Positive,0.6249,Positive,24,Positive,Sangat Positif
Barito Renewables Energy,"Kekayaan Anjlok, Prajogo Pangestu Kehilangan Rp 177 T dalam Sehari",https://finance.detik.com/berita-ekonomi-bisnis/d-7136524/kekayaan-anjlok-prajogo-pangestu-kehilangan-rp-177-t-dalam-sehari,Neutral,0.0,Positive,0.2732,Negative,-9,Negative,Negatif
Bank Mandiri,Bank BUMN Kasih Pelatihan buat Pengurus Kopdes Merah Putih,https://finance.detik.com/moneter/d-7981373/bank-bumn-kasih-pelatihan-buat-pengurus-kopdes-merah-putih,Neutral,0.0,Positive,0.9022,Positive,10,Positive,Sangat Positif
Bank Mandiri,OJK soal BSI Spin Off dari Bank Mandiri: Sedang Proses,https://finance.detik.com/moneter/d-7984200/ojk-soal-bsi-spin-off-dari-bank-mandiri-sedang-proses,Neutral,0.09999999999999999,Positive,0.3818,Neutral,0,Neutral,Netral
Bank Mandiri,"Segera Buka Rekening Himbara untuk Pencairan BSU Rp 600 Ribu, Ini Caranya",https://www.detik.com/sumut/berita/d-7980840/segera-buka-rekening-himbara-untuk-pencairan-bsu-rp-600-ribu-ini-caranya,Neutral,0.0,Neutral,0.0,Positive,4,Positive,Positif
Bank Mandiri,Bank Mandiri Awali 2025 dengan Pertumbuhan Sehat dan Berkelanjutan,https://finance.detik.com/berita-ekonomi-bisnis/d-7895106/bank-mandiri-awali-2025-dengan-pertumbuhan-sehat-dan-berkelanjutan,Neutral,0.0,Positive,0.6908,Positive,82,Positive,Sangat Positif
Bank Mandiri,"Bank Mandiri Pindahkan Sementara Kantor Pusat, Ini Alamatnya",https://finance.detik.com/moneter/d-7932707/bank-mandiri-pindahkan-sementara-kantor-pusat-ini-alamatnya,Neutral,0.0,Negative,-0.296,Neutral,1,Neutral,Netral
Bank Mandiri,Top! Bank Mandiri Sabet Tiga Penghargaan Global Bergengsi,https://finance.detik.com/berita-ekonomi-bisnis/d-7839000/top-bank-mandiri-sabet-tiga-penghargaan-global-bergengsi,Positive,0.20588235294117646,Positive,0.9862,Positive,45,Positive,Sangat Positif
Bank Mandiri,Bank Mandiri Borong Penghargaan Bergengsi di Ajang The Asian Banker,https://finance.detik.com/berita-ekonomi-bisnis/d-7931438/bank-mandiri-borong-penghargaan-bergengsi-di-ajang-the-asian-banker,Neutral,0.09420289855072463,Positive,0.9217,Positive,46,Positive,Sangat Positif
Bank Mandiri,Strategi Bank Mandiri Perkuat Kebijakan Pembiayaan & Produk Berkelanjutan,https://finance.detik.com/moneter/d-7817337/strategi-bank-mandiri-perkuat-kebijakan-pembiayaan-produk-berkelanjutan,Neutral,0.024999999999999994,Positive,0.8979,Positive,16,Positive,Sangat Positif
Bank Mandiri,"Bank Mandiri Tebar Dividen Rp 43,51 T",https://finance.detik.com/bursa-dan-valas/d-7841367/bank-mandiri-tebar-dividen-rp-43-51-t,Neutral,0.0,Positive,0.3612,Positive,30,Positive,Positif
Bank Mandiri,Direksi Bank Mandiri Bakal Dirombak Hari Ini,https://finance.detik.com/bursa-dan-valas/d-7840633/direksi-bank-mandiri-bakal-dirombak-hari-ini,Neutral,0.0,Neutral,0.0,Neutral,2,Neutral,Netral
Bank Mandiri,"Sederet Promo Ramadan Bank Mandiri, #RaihKetenangan di Bulan Suci",https://finance.detik.com/moneter/d-7810572/sederet-promo-ramadan-bank-mandiri-raihketenangan-di-bulan-suci,Neutral,0.16666666666666666,Positive,0.9825,Neutral,1,Neutral,Netral
Bank Mandiri,Bank Mandiri Percepat Sinergi Bisnis dengan Kopra Supplier Financing,https://finance.detik.com/moneter/d-7861744/bank-mandiri-percepat-sinergi-bisnis-dengan-kopra-supplier-financing,Neutral,0.0,Positive,0.6705,Positive,58,Positive,Sangat Positif
Bank Mandiri,"Akselerasi Perluasan Inklusi Keuangan, Transaksi Digital Bank Mandiri Meningkat",https://finance.detik.com/moneter/d-7897983/akselerasi-perluasan-inklusi-keuangan-transaksi-digital-bank-mandiri-meningkat,Neutral,0.0,Positive,0.4588,Positive,82,Positive,Positif
Bank Mandiri,"Tingkatkan Kualitas Pegawai, Bank Mandiri Penuhi Dua Standar Internasional",https://finance.detik.com/berita-ekonomi-bisnis/d-7777975/tingkatkan-kualitas-pegawai-bank-mandiri-penuhi-dua-standar-internasional,Neutral,0.05555555555555555,Positive,0.1531,Positive,35,Positive,Positif
Bank Mandiri,"Bank Mandiri Gelar Program Mudik Gratis 2025, Diikuti 8.500 Pemudik",https://news.detik.com/berita/d-7846489/bank-mandiri-gelar-program-mudik-gratis-2025-diikuti-8-500-pemudik,Neutral,0.0,Positive,0.2023,Positive,5,Positive,Positif
Bank Mandiri,Bos Bank Mandiri Respons Dampak Perang Dagang ke RI,https://finance.detik.com/moneter/d-7892166/bos-bank-mandiri-respons-dampak-perang-dagang-ke-ri,Neutral,0.0,Positive,0.296,Positive,25,Positive,Positif
Bank Mandiri,"Darmawan Junaidi Jadi Dirut Bank Mandiri Lagi, Alexandra Diganti Riduan",https://finance.detik.com/bursa-dan-valas/d-7841282/darmawan-junaidi-jadi-dirut-bank-mandiri-lagi-alexandra-diganti-riduan,Neutral,0.0,Negative,-0.3612,Neutral,0,Neutral,Netral
Bank Mandiri,Bank Mandiri Perkuat Wholesale dan Kredit Berkelanjutan 2024,https://finance.detik.com/berita-ekonomi-bisnis/d-7765580/bank-mandiri-perkuat-wholesale-dan-kredit-berkelanjutan-2024,Neutral,0.05224489795918367,Positive,0.9678,Positive,159,Positive,Sangat Positif
Bank Mandiri,Bank Mandiri Masuk Forbes World's Best Bank 5 Tahun Berturut-turut,https://finance.detik.com/berita-ekonomi-bisnis/d-7903729/bank-mandiri-masuk-forbes-worlds-best-bank-5-tahun-berturut-turut,Positive,0.3055555555555556,Positive,0.9702,Positive,47,Positive,Sangat Positif
Bank Mandiri,"Bank Mandiri Dorong Efisiensi Ekspor Nasional, Begini Caranya",https://finance.detik.com/moneter/d-7872667/bank-mandiri-dorong-efisiensi-ekspor-nasional-begini-caranya,Neutral,-0.016666666666666666,Positive,0.6249,Positive,35,Positive,Sangat Positif
Bayan Resources,Bayan Resources Beberkan Cara Lestarikan Lingkungan di Festival LIKE 2,https://finance.detik.com/ekonomi-hijau/d-7485149/bayan-resources-beberkan-cara-lestarikan-lingkungan-di-festival-like-2,Neutral,-0.1,Positive,0.967,Neutral,2,Neutral,Netral
Bayan Resources,"Dorong Inklusivitas, Bayan Resources Gandeng Disabilitas Lebih Berdaya",https://finance.detik.com/ekonomi-hijau/d-7483375/dorong-inklusivitas-bayan-resources-gandeng-disabilitas-lebih-berdaya,Neutral,-0.12000000000000002,Positive,0.93,Neutral,1,Neutral,Netral
Bayan Resources,"Bayan Resources Dorong Transisi Energi, Pakai Solar Panel-BBM Campur Sawit",https://finance.detik.com/ekonomi-hijau/d-7484477/bayan-resources-dorong-transisi-energi-pakai-solar-panel-bbm-campur-sawit,Neutral,0.029166666666666667,Positive,0.91,Positive,7,Positive,Sangat Positif
Bayan Resources,"Bayan Resources Punya Ribuan Panel Surya, Terangi 64 Desa Dekat Tambang",https://finance.detik.com/ekonomi-hijau/d-7481290/bayan-resources-punya-ribuan-panel-surya-terangi-64-desa-dekat-tambang,Neutral,-0.2,Positive,0.9442,Neutral,0,Neutral,Netral
Bayan Resources,Bayan Group Reklamasi 5.000 Ha Lebih Lahan Bekas Tambang,https://finance.detik.com/ekonomi-hijau/d-7484802/bayan-group-reklamasi-5-000-ha-lebih-lahan-bekas-tambang,Neutral,0.0033333333333333383,Positive,0.9565,Positive,11,Positive,Sangat Positif
Bayan Resources,Siapa Lim Chai Hock yang Masuk Daftar Orang Terkaya di RI?,https://finance.detik.com/sosok/d-7686457/siapa-lim-chai-hock-yang-masuk-daftar-orang-terkaya-di-ri,Neutral,0.0,Negative,-0.4939,Neutral,0,Neutral,Netral
Bayan Resources,Profil Anak Konglomerat RI yang Dapat Kado Saham Senilai Rp 123 T,https://finance.detik.com/bursa-dan-valas/d-7516712/profil-anak-konglomerat-ri-yang-dapat-kado-saham-senilai-rp-123-t,Neutral,0.017316017316017313,Negative,-0.5719,Neutral,2,Neutral,Netral
Bayan Resources,Orang Terkaya RI Beri 'Kado' Saham Anaknya Senilai Rp 123 T,https://finance.detik.com/bursa-dan-valas/d-7515010/orang-terkaya-ri-beri-kado-saham-anaknya-senilai-rp-123-t,Neutral,0.0,Negative,-0.946,Neutral,1,Neutral,Netral
Bayan Resources,Pertamina Jadi Perusahaan Terbesar Ketiga di Asia Tenggara Versi Fortune,https://www.detik.com/kalimantan/berita/d-7970590/pertamina-jadi-perusahaan-terbesar-ketiga-di-asia-tenggara-versi-fortune,Neutral,0.0,Neutral,0.0,Neutral,2,Neutral,Netral
Bayan Resources,"Ada Pertamina-BRI, Ini Daftar Perusahaan RI yang Masuk Raksasa Asia Tenggara",https://finance.detik.com/berita-ekonomi-bisnis/d-7969201/ada-pertamina-bri-ini-daftar-perusahaan-ri-yang-masuk-raksasa-asia-tenggara,Neutral,0.0,Neutral,0.0,Positive,5,Positive,Positif
Bayan Resources,"20 Perusahaan RI Jadi Raksasa di Asia Tenggara, Ini Daftarnya",https://finance.detik.com/berita-ekonomi-bisnis/d-7968586/20-perusahaan-ri-jadi-raksasa-di-asia-tenggara-ini-daftarnya,Neutral,0.0,Neutral,0.0,Positive,5,Positive,Positif
Bayan Resources,BRI Dinobatkan Jadi Perusahaan Publik Terbesar di RI Versi Forbes Global,https://finance.detik.com/berita-ekonomi-bisnis/d-7970201/bri-dinobatkan-jadi-perusahaan-publik-terbesar-di-ri-versi-forbes-global,Neutral,0.0,Positive,0.9153,Positive,18,Positive,Sangat Positif
Bayan Resources,Ini Satu-satunya Perempuan yang Masuk Daftar 10 Orang Terkaya Indonesia,https://finance.detik.com/berita-ekonomi-bisnis/d-7686361/ini-satu-satunya-perempuan-yang-masuk-daftar-10-orang-terkaya-indonesia,Neutral,0.0,Neutral,0.0,Positive,3,Positive,Positif
Bayan Resources,Profil 4 Srikandi Terkaya di Indonesia,https://finance.detik.com/berita-ekonomi-bisnis/d-7707841/profil-4-srikandi-terkaya-di-indonesia,Neutral,0.0,Positive,0.2732,Positive,3,Positive,Positif
Bayan Resources,"4 Perempuan Paling Kaya di Indonesia, Nomor 1 Dewi Kam",https://finance.detik.com/berita-ekonomi-bisnis/d-7707105/4-perempuan-paling-kaya-di-indonesia-nomor-1-dewi-kam,Neutral,0.0,Positive,0.2732,Positive,3,Positive,Positif
Bayan Resources,Siap-siap! Bayrun for Charity 2024 Kembali Digelar di Jakarta,https://sport.detik.com/sport-lain/d-7650132/siap-siap-bayrun-for-charity-2024-kembali-digelar-di-jakarta,Neutral,-0.05,Positive,0.9834,Positive,7,Positive,Sangat Positif
Bayan Resources,"Perjuangan Kuliah Jhilly, Sempat Gagal SNBP-SNBT hingga Keterbatasan Ekonomi",https://www.detik.com/edu/edutainment/d-7630140/perjuangan-kuliah-jhilly-sempat-gagal-snbp-snbt-hingga-keterbatasan-ekonomi,Neutral,-0.15555555555555556,Neutral,0.0,Positive,4,Positive,Positif
Bayan Resources,"3 Nama Baru Masuk Daftar Orang Terkaya RI, Hary Tanoe-Lim Chai Hock",https://finance.detik.com/berita-ekonomi-bisnis/d-7685984/3-nama-baru-masuk-daftar-orang-terkaya-ri-hary-tanoe-lim-chai-hock,Neutral,-0.03333333333333333,Negative,-0.4939,Neutral,0,Neutral,Netral
Bayan Resources,Sudah Tahu Belum Orang-orang Terkaya di Indonesia? Ini Dia Daftarnya,https://finance.detik.com/berita-ekonomi-bisnis/d-7754066/sudah-tahu-belum-orang-orang-terkaya-di-indonesia-ini-dia-daftarnya,Neutral,0.05,Negative,-0.4939,Neutral,0,Neutral,Netral
Bayan Resources,Pengurangan Emisi di Remote Area Tambang: Ganti Genset dengan Solar Cell,https://finance.detik.com/energi/d-7475149/pengurangan-emisi-di-remote-area-tambang-ganti-genset-dengan-solar-cell,Neutral,-0.06190476190476191,Positive,0.9062,Positive,13,Positive,Sangat Positif
Amman Mineral Internasional,"Amman Mineral Resmi Punya Bos Baru, Ini Sosoknya",https://finance.detik.com/bursa-dan-valas/d-7967025/amman-mineral-resmi-punya-bos-baru-ini-sosoknya,Neutral,0.0,Neutral,0.0,Positive,8,Positive,Positif
Amman Mineral Internasional,Bos Amman Mineral Tiba-tiba Mundur Jelang RUPS,https://finance.detik.com/bursa-dan-valas/d-7965532/bos-amman-mineral-tiba-tiba-mundur-jelang-rups,Neutral,0.0,Neutral,0.0,Negative,-4,Negative,Negatif
Amman Mineral Internasional,"Amman Mineral Cetak Laba Rp 8 T, Naik Hampir 3 Kali Lipat",https://finance.detik.com/bursa-dan-valas/d-7458927/amman-mineral-cetak-laba-rp-8-t-naik-hampir-3-kali-lipat,Neutral,0.0,Neutral,0.0,Positive,24,Positive,Positif
Amman Mineral Internasional,Bahlil Sebut Amman Mineral Belum Ajukan Izin Perpanjangan Ekspor Konsentrat,https://finance.detik.com/energi/d-7789673/bahlil-sebut-amman-mineral-belum-ajukan-izin-perpanjangan-ekspor-konsentrat,Neutral,0.0,Neutral,0.0,Neutral,-1,Neutral,Netral
Amman Mineral Internasional,"Nggak Cuma Freeport, Amman Mineral Juga Minta Izin Ekspor Konsentrat",https://finance.detik.com/energi/d-7786213/nggak-cuma-freeport-amman-mineral-juga-minta-izin-ekspor-konsentrat,Neutral,0.0,Neutral,0.0,Neutral,-1,Neutral,Netral
Amman Mineral Internasional,Jokowi Resmikan Smelter Amman Mineral Hari Ini,https://finance.detik.com/energi/d-7553268/jokowi-resmikan-smelter-amman-mineral-hari-ini,Positive,0.3333333333333333,Positive,0.5994,Neutral,0,Neutral,Netral
Amman Mineral Internasional,"Amman Dapat Izin Ekspor Konsentrat Tembaga hingga Desember, Segini Kuotanya",https://finance.detik.com/energi/d-7458044/amman-dapat-izin-ekspor-konsentrat-tembaga-hingga-desember-segini-kuotanya,Neutral,-0.05555555555555555,Neutral,0.0,Positive,8,Positive,Positif
Amman Mineral Internasional,"Produksi Emas-Tembaga Melesat, Amman Mineral Cetak Laba Rp 11 T hingga Kuartal III",https://finance.detik.com/bursa-dan-valas/d-7661723/produksi-emas-tembaga-melesat-amman-mineral-cetak-laba-rp-11-t-hingga-kuartal-iii,Neutral,0.0,Neutral,0.0,Positive,36,Positive,Positif
Amman Mineral Internasional,Arief Sidarto Resmi Gantikan Alexander Ramlie sebagai Dirut PT AMMAN,https://www.detik.com/bali/bisnis/d-7967518/arief-sidarto-resmi-gantikan-alexander-ramlie-sebagai-dirut-pt-amman,Neutral,0.0,Neutral,0.0,Positive,12,Positive,Positif
Amman Mineral Internasional,Demonstran Tagih Janji Prabowo untuk Pisahkan Sumbawa dengan NTB,https://www.detik.com/bali/nusra/d-7916075/demonstran-tagih-janji-prabowo-untuk-pisahkan-sumbawa-dengan-ntb,Neutral,0.0,Neutral,0.0,Positive,5,Positive,Positif
Amman Mineral Internasional,Istana Ungkap Alasan Fahri Hamzah Temani Jokowi di NTB,https://news.detik.com/berita/d-7553531/istana-ungkap-alasan-fahri-hamzah-temani-jokowi-di-ntb,Neutral,0.0,Neutral,0.0,Neutral,0,Neutral,Netral
Amman Mineral Internasional,BRI Dinobatkan Jadi Perusahaan Publik Terbesar di RI Versi Forbes Global,https://finance.detik.com/berita-ekonomi-bisnis/d-7970201/bri-dinobatkan-jadi-perusahaan-publik-terbesar-di-ri-versi-forbes-global,Neutral,0.0,Positive,0.9153,Positive,18,Positive,Sangat Positif
Amman Mineral Internasional,"Ditemani Fahri Hamzah Saat Resmikan Smelter di NTB, Jokowi Bilang Begini",https://news.detik.com/berita/d-7554452/ditemani-fahri-hamzah-saat-resmikan-smelter-di-ntb-jokowi-bilang-begini,Neutral,0.0,Neutral,0.0,Neutral,0,Neutral,Netral
Amman Mineral Internasional,"Ditemani Fahri Hamzah, Jokowi Resmikan Smelter Pemurnian Logam Mulia di NTB",https://news.detik.com/berita/d-7553485/ditemani-fahri-hamzah-jokowi-resmikan-smelter-pemurnian-logam-mulia-di-ntb,Neutral,0.0,Neutral,0.0,Neutral,-1,Neutral,Netral
Amman Mineral Internasional,"Kunker ke NTB, Jokowi Akan Resmikan Smelter Tembaga dan Pemurnian Logam Mulia",https://news.detik.com/berita/d-7553224/kunker-ke-ntb-jokowi-akan-resmikan-smelter-tembaga-dan-pemurnian-logam-mulia,Positive,0.3333333333333333,Positive,0.5994,Neutral,0,Neutral,Netral
Amman Mineral Internasional,"Resmikan Smelter Tembaga-Logam Mulia, Jokowi Tak Mau Ekspor Bahan Mentah",https://www.detik.com/bali/bisnis/d-7553553/resmikan-smelter-tembaga-logam-mulia-jokowi-tak-mau-ekspor-bahan-mentah,Neutral,0.0,Neutral,0.0,Neutral,-1,Neutral,Netral
Amman Mineral Internasional,"Produksi Emas AMMAN 2024 Meningkat, Laba Bersih Naik Jadi US$ 642 Juta",https://www.detik.com/bali/bisnis/d-7834172/produksi-emas-amman-2024-meningkat-laba-bersih-naik-jadi-us-642-juta,Neutral,0.0,Positive,0.6369,Positive,65,Positive,Sangat Positif
Amman Mineral Internasional,"Jokowi Resmikan Smelter di NTB, Erick Thohir: Beri Manfaat Besar buat Masyarakat",https://finance.detik.com/energi/d-7553874/jokowi-resmikan-smelter-di-ntb-erick-thohir-beri-manfaat-besar-buat-masyarakat,Neutral,0.0,Neutral,0.0,Positive,3,Positive,Positif
Amman Mineral Internasional,Bahlil Belum Izinkan Freeport Ekspor Konsentrat Tembaga,https://finance.detik.com/energi/d-7761197/bahlil-belum-izinkan-freeport-ekspor-konsentrat-tembaga,Neutral,0.0,Neutral,0.0,Neutral,1,Neutral,Netral
Amman Mineral Internasional,"Bahlil Sebut Fahri Hamzah Mau Masuk Golkar, Partai Gelora Respons Santai",https://news.detik.com/berita/d-7554992/bahlil-sebut-fahri-hamzah-mau-masuk-golkar-partai-gelora-respons-santai,Neutral,0.0,Neutral,0.0,Neutral,0,Neutral,Netral
Telkom Indonesia,"Gandeng Indibiz, SMK Ini Perkuat Digitalisasi Pendidikan Vokasi",https://www.detik.com/edu/sekolah/d-7982482/gandeng-indibiz-smk-ini-perkuat-digitalisasi-pendidikan-vokasi,Neutral,-0.03333333333333333,Neutral,0.0,Positive,4,Positive,Positif
Telkom Indonesia,Telkom Indonesia Pastikan Bakal Terus Dukung Kedaulatan Digital RI,https://inet.detik.com/telecommunication/d-7970695/telkom-indonesia-pastikan-bakal-terus-dukung-kedaulatan-digital-ri,Neutral,0.008333333333333333,Positive,0.4939,Positive,47,Positive,Positif
Telkom Indonesia,Daftar Lengkap Jajaran Direksi dan Komisaris Telkom Indonesia 2025,https://inet.detik.com/telecommunication/d-7935742/daftar-lengkap-jajaran-direksi-dan-komisaris-telkom-indonesia-2025,Neutral,0.05,Negative,-0.296,Neutral,0,Neutral,Netral
Telkom Indonesia,"Direksi Baru Telkom Susun Program 100 Hari Kerja, Percepat ke Digital Telco",https://inet.detik.com/telecommunication/d-7971037/direksi-baru-telkom-susun-program-100-hari-kerja-percepat-ke-digital-telco,Neutral,0.015476190476190477,Positive,0.9698,Positive,32,Positive,Sangat Positif
Telkom Indonesia,"Genjot Transformasi Digital, Telkom-IBM Indonesia Hadirkan Sovereign AI",https://inet.detik.com/telecommunication/d-7970607/genjot-transformasi-digital-telkom-ibm-indonesia-hadirkan-sovereign-ai,Neutral,-0.04999999999999999,Positive,0.6908,Positive,36,Positive,Sangat Positif
Telkom Indonesia,Koperasi Merah Putih Disiapkan Jadi Gerai Sembako Modern,https://finance.detik.com/berita-ekonomi-bisnis/d-7984963/koperasi-merah-putih-disiapkan-jadi-gerai-sembako-modern,Neutral,0.2,Neutral,0.0,Positive,4,Positive,Positif
Telkom Indonesia,"Punya Ragam Layanan, Telkom Indonesia Siap Bantu Perusahaan Adopsi AI",https://inet.detik.com/telecommunication/d-7800163/punya-ragam-layanan-telkom-indonesia-siap-bantu-perusahaan-adopsi-ai,Neutral,-0.13333333333333333,Positive,0.7003,Positive,12,Positive,Sangat Positif
Telkom Indonesia,Jajaran Direksi Telkom Dirombak Habis-habisan,https://inet.detik.com/telecommunication/d-7935627/jajaran-direksi-telkom-dirombak-habis-habisan,Neutral,0.0,Positive,0.4939,Neutral,0,Neutral,Netral
Telkom Indonesia,"Kinerja 2024 Positif, Telkom Bukukan Pendapatan Konsolidasi Rp 150 T",https://finance.detik.com/berita-ekonomi-bisnis/d-7876044/kinerja-2024-positif-telkom-bukukan-pendapatan-konsolidasi-rp-150-t,Neutral,-0.005660377358490565,Positive,0.9153,Positive,196,Positive,Sangat Positif
Telkom Indonesia,"Dorong Digitalisasi, Telkom Perkenalkan Tiga Solusi Unggulan untuk B2B",https://inet.detik.com/telecommunication/d-7817874/dorong-digitalisasi-telkom-perkenalkan-tiga-solusi-unggulan-untuk-b2b,Neutral,-0.049999999999999996,Positive,0.946,Positive,24,Positive,Sangat Positif
Telkom Indonesia,"Mau Buyback Saham, Telkom Siapkan Dana Rp 3 Triliun",https://finance.detik.com/bursa-dan-valas/d-7872918/mau-buyback-saham-telkom-siapkan-dana-rp-3-triliun,Positive,0.4,Positive,0.836,Positive,9,Positive,Sangat Positif
Telkom Indonesia,"Kumpulkan Direksi Telkom, Erick Thohir Minta Genjot Bisnis Data Center",https://finance.detik.com/berita-ekonomi-bisnis/d-7778883/kumpulkan-direksi-telkom-erick-thohir-minta-genjot-bisnis-data-center,Neutral,-0.037500000000000006,Neutral,0.0,Positive,17,Positive,Positif
Telkom Indonesia,"Rilis 2018, Pertumbuhan Bisnis BigBox Telkom Tumbuh 400%",https://inet.detik.com/telecommunication/d-7800157/rilis-2018-pertumbuhan-bisnis-bigbox-telkom-tumbuh-400,Neutral,0.011111111111111112,Neutral,0.0,Positive,25,Positive,Positif
Telkom Indonesia,Program GoZero Telkom Raih Penghargaan ESG Sustainability Ratings 2025,https://inet.detik.com/telecommunication/d-7763168/program-gozero-telkom-raih-penghargaan-esg-sustainability-ratings-2025,Neutral,0.0738095238095238,Negative,-0.6486,Positive,9,Positive,Positif
Telkom Indonesia,"Honesti Basyir, Bawa Telkom Perkuat Digitalisasi",https://finance.detik.com/sosok/d-7706301/honesti-basyir-bawa-telkom-perkuat-digitalisasi,Neutral,-0.037500000000000006,Neutral,0.0,Positive,20,Positive,Positif
Telkom Indonesia,Telkom Gaet Perusahaan Teknologi Global untuk Perkuat Keamanan Digital,https://inet.detik.com/telecommunication/d-7761321/telkom-gaet-perusahaan-teknologi-global-untuk-perkuat-keamanan-digital,Neutral,0.0,Positive,0.6808,Positive,37,Positive,Sangat Positif
Telkom Indonesia,Telkom Akselerasi Transformasi untuk Dukung Penguatan Ekosistem Digital RI,https://inet.detik.com/telecommunication/d-7816267/telkom-akselerasi-transformasi-untuk-dukung-penguatan-ekosistem-digital-ri,Neutral,0.026086956521739136,Positive,0.7783,Positive,49,Positive,Sangat Positif
Telkom Indonesia,"Gelar Digistar Connect, Telkom Cetak SDM Digital Unggul Siap Kerja",https://inet.detik.com/telecommunication/d-7975435/gelar-digistar-connect-telkom-cetak-sdm-digital-unggul-siap-kerja,Neutral,0.01,Neutral,0.0,Neutral,-1,Neutral,Netral
Telkom Indonesia,Jurus Ririek Adriansyah Jadikan Telkom Pemain Global,https://finance.detik.com/bursa-dan-valas/d-7670278/jurus-ririek-adriansyah-jadikan-telkom-pemain-global,Neutral,-0.05555555555555555,Negative,-0.2732,Positive,14,Positive,Positif
Telkom Indonesia,Telkom Buka Suara soal Proyek Fiktif Rp 431 M hingga Dampaknya ke Saham,https://finance.detik.com/bursa-dan-valas/d-7917793/telkom-buka-suara-soal-proyek-fiktif-rp-431-m-hingga-dampaknya-ke-saham,Neutral,0.0,Neutral,0.0,Positive,19,Positive,Positif
Astra International,"Astra International Tebar Dividen Rp 12,46 T, Catat Jadwalnya",https://finance.detik.com/bursa-dan-valas/d-7905543/astra-international-tebar-dividen-rp-12-46-t-catat-jadwalnya,Neutral,0.0,Negative,-0.5574,Positive,4,Positive,Positif
Astra International,"Gerakkan Ekonomi Rakyat, Astra International Raih Anugerah di detikcom Awards",https://finance.detik.com/berita-ekonomi-bisnis/d-7592376/gerakkan-ekonomi-rakyat-astra-international-raih-anugerah-di-detikcom-awards,Neutral,0.0,Positive,0.9001,Positive,6,Positive,Sangat Positif
Astra International,"Lowongan Kerja Astra International Dibuka untuk Lulusan S1, Fresh Graduate Cek!",https://www.detik.com/edu/detikpedia/d-7589544/lowongan-kerja-astra-international-dibuka-untuk-lulusan-s1-fresh-graduate-cek,Neutral,0.049999999999999996,Positive,0.5574,Neutral,0,Neutral,Netral
Astra International,"Jumbo! Astra International Tebar Dividen Rp 21,01 T",https://finance.detik.com/bursa-dan-valas/d-7318500/jumbo-astra-international-tebar-dividen-rp-21-01-t,Neutral,0.0,Neutral,0.0,Positive,10,Positive,Positif
Astra International,"Astra International Rombak Formasi Manajemen, Eks Menkeu Jadi Komisaris!",https://finance.detik.com/bursa-dan-valas/d-7318564/astra-international-rombak-formasi-manajemen-eks-menkeu-jadi-komisaris,Neutral,0.0,Negative,-0.5574,Neutral,0,Neutral,Netral
Astra International,Kata Bos Astra soal Rencana Aturan TKDN Dilonggarkan,https://finance.detik.com/berita-ekonomi-bisnis/d-7905763/kata-bos-astra-soal-rencana-aturan-tkdn-dilonggarkan,Neutral,0.0,Positive,0.2023,Positive,15,Positive,Positif
Astra International,"Daya Beli RI Lagi Lesu, Astra Turunkan Capex Jadi Rp 25 T",https://finance.detik.com/bursa-dan-valas/d-7905857/daya-beli-ri-lagi-lesu-astra-turunkan-capex-jadi-rp-25-t,Neutral,0.0,Positive,0.7184,Negative,-9,Negative,Negatif
Astra International,"Astra International Buka Banyak Lowongan Kerja, Fresh Graduate Bisa Daftar!",https://finance.detik.com/lainnya/d-7441250/astra-international-buka-banyak-lowongan-kerja-fresh-graduate-bisa-daftar,Neutral,0.12678571428571428,Positive,0.9136,Positive,3,Positive,Sangat Positif
Astra International,"Anak Usaha Astra Incar Tambang Mineral-Proyek Geothermal, Siapkan Rp 16,84 T",https://finance.detik.com/energi/d-7886414/anak-usaha-astra-incar-tambang-mineral-proyek-geothermal-siapkan-rp-16-84-t,Neutral,0.0,Positive,0.5994,Positive,7,Positive,Sangat Positif
Astra International,"Info Dab! Astra International Buka Lowongan Kerja, Fresh Graduate Bisa Daftar",https://www.detik.com/jogja/bisnis/d-7447580/info-dab-astra-international-buka-lowongan-kerja-fresh-graduate-bisa-daftar,Neutral,0.12,Positive,0.5859,Neutral,-1,Neutral,Netral
Astra International,Ara Ajak Astra Bantu Bangun 3 Juta Rumah,https://www.detik.com/properti/berita/d-7648167/ara-ajak-astra-bantu-bangun-3-juta-rumah,Neutral,0.008333333333333333,Neutral,0.0,Neutral,0,Neutral,Netral
Astra International,Astra Mau Genjot Kendaraan Listrik di Tengah Banjir Produk China,https://finance.detik.com/industri/d-7545941/astra-mau-genjot-kendaraan-listrik-di-tengah-banjir-produk-china,Neutral,0.0,Positive,0.5423,Positive,11,Positive,Sangat Positif
Astra International,"Daihatsu Jual 46 Ribu Mobil di Januari-April 2025, Ini Model Terlarisnya",https://oto.detik.com/berita/d-7913499/daihatsu-jual-46-ribu-mobil-di-januari-april-2025-ini-model-terlarisnya,Neutral,0.0,Positive,0.25,Positive,4,Positive,Positif
Astra International,"Cuan Rp 15,85 T di Semester I 2024, Bos Astra Ungkap Jurus Investasi Perusahaan",https://finance.detik.com/bursa-dan-valas/d-7479295/cuan-rp-15-85-t-di-semester-i-2024-bos-astra-ungkap-jurus-investasi-perusahaan,Neutral,0.0,Negative,-0.1531,Positive,15,Positive,Positif
Astra International,Astra Beberkan Strategi Wujudkan Keberlanjutan Lingkungan di Festival LIKE 2,https://finance.detik.com/ekonomi-hijau/d-7480203/astra-beberkan-strategi-wujudkan-keberlanjutan-lingkungan-di-festival-like-2,Neutral,0.0,Positive,0.9895,Positive,7,Positive,Sangat Positif
Astra International,Ini Kriteria Kegiatan Sosial yang Bisa Dapat Rp 65 Juta dari Astra,https://finance.detik.com/berita-ekonomi-bisnis/d-7448909/ini-kriteria-kegiatan-sosial-yang-bisa-dapat-rp-65-juta-dari-astra,Neutral,0.10555555555555556,Positive,0.9674,Neutral,1,Neutral,Netral
Astra International,Butuh Modal buat Kegiatan Sosial? Astra Bagi-bagi Rp 65 Juta Lewat Ajang Ini,https://finance.detik.com/berita-ekonomi-bisnis/d-7448394/butuh-modal-buat-kegiatan-sosial-astra-bagi-bagi-rp-65-juta-lewat-ajang-ini,Neutral,-0.013333333333333336,Positive,0.9877,Positive,13,Positive,Sangat Positif
Astra International,"Sahamnya Merosot Sejak Awal 2024, Bos Astra Ungkap Penyebabnya",https://finance.detik.com/infrastruktur/d-7318689/sahamnya-merosot-sejak-awal-2024-bos-astra-ungkap-penyebabnya,Neutral,-0.005555555555555556,Positive,0.7003,Neutral,1,Neutral,Netral
Astra International,Lomba Foto Astra dan Anugerah Pewarta Astra 2024 Kembali Digelar,https://news.detik.com/adv-nhl-detikcom/d-7615972/lomba-foto-astra-dan-anugerah-pewarta-astra-2024-kembali-digelar,Neutral,-0.06666666666666667,Positive,0.8271,Positive,6,Positive,Sangat Positif
Astra International,Penjualan 'Mobil Murah' Terjun Payung sepanjang Tahun 2024,https://oto.detik.com/mobil/d-7733843/penjualan-mobil-murah-terjun-payung-sepanjang-tahun-2024,Neutral,-0.025,Positive,0.4019,Negative,-15,Negative,Negatif
Bank Negara Indonesia,"BNI Gelar RUPST Hari Ini, Susunan Direksi Mau Dirombak",https://finance.detik.com/bursa-dan-valas/d-7842349/bni-gelar-rupst-hari-ini-susunan-direksi-mau-dirombak,Neutral,0.0,Neutral,0.0,Positive,4,Positive,Positif
Bank Negara Indonesia,"Investor Asing Ramai-ramai Lepas Saham Bank BUMN, Begini Datanya",https://finance.detik.com/bursa-dan-valas/d-7880719/investor-asing-ramai-ramai-lepas-saham-bank-bumn-begini-datanya,Neutral,0.0,Neutral,0.0,Neutral,-1,Neutral,Netral
Bank Negara Indonesia,"Dana Asing Rp 87,2 M Kabur dari BBNI, Pertanda Apa?",https://finance.detik.com/bursa-dan-valas/d-7880587/dana-asing-rp-87-2-m-kabur-dari-bbni-pertanda-apa,Neutral,0.0,Neutral,0.0,Neutral,-1,Neutral,Netral
Bank Negara Indonesia,Bos BNI Respons soal Kabar Sritex Bakal Diselamatkan BUMN,https://finance.detik.com/moneter/d-7816121/bos-bni-respons-soal-kabar-sritex-bakal-diselamatkan-bumn,Neutral,0.0,Neutral,0.0,Neutral,0,Neutral,Netral
Bank Negara Indonesia,"Sejarah Bank di Indonesia, Ada Sejak 1746 di Bawah Pimpinan Hindia Belanda",https://www.detik.com/edu/detikpedia/d-7534278/sejarah-bank-di-indonesia-ada-sejak-1746-di-bawah-pimpinan-hindia-belanda,Neutral,0.0,Positive,0.25,Positive,6,Positive,Positif
Bank Negara Indonesia,"BNI Kantongi Laba Rp 16,3 Triliun Kuartal III 2024",https://finance.detik.com/moneter/d-7606507/bni-kantongi-laba-rp-16-3-triliun-kuartal-iii-2024,Neutral,0.0,Positive,0.7717,Positive,47,Positive,Sangat Positif
Bank Negara Indonesia,"Cuan! BNI Catatkan Laba Rp 10,7 T di Semester I-2024",https://finance.detik.com/bursa-dan-valas/d-7503663/cuan-bni-catatkan-laba-rp-10-7-t-di-semester-i-2024,Neutral,0.05555555555555555,Negative,-0.2023,Positive,90,Positive,Positif
Bank Negara Indonesia,Pekerja di IKN Makin Mudah Dapat Layanan Perbankan,https://finance.detik.com/moneter/d-7487277/pekerja-di-ikn-makin-mudah-dapat-layanan-perbankan,Neutral,0.0734126984126984,Positive,0.8519,Positive,6,Positive,Sangat Positif
Bank Negara Indonesia,Terungkap! Rencana Kerja Sama BNI-Sea Grup Lewat Shopee Paylater,https://finance.detik.com/moneter/d-7424924/terungkap-rencana-kerja-sama-bni-sea-grup-lewat-shopee-paylater,Neutral,-0.19047619047619047,Neutral,0.0772,Positive,4,Positive,Positif
Bank Negara Indonesia,"Anggota BPUPKI-Kakek Prabowo Dinilai Layak Jadi Pahlawan Nasional, Ini Profilnya",https://www.detik.com/edu/detikpedia/d-7607762/anggota-bpupki-kakek-prabowo-dinilai-layak-jadi-pahlawan-nasional-ini-profilnya,Neutral,0.0,Neutral,0.0,Negative,-3,Negative,Negatif
Bank Negara Indonesia,"BNI Salurkan Kredit Rp 735 T, Bidik Pertumbuhan 12% di Akhir 2024",https://finance.detik.com/moneter/d-7606620/bni-salurkan-kredit-rp-735-t-bidik-pertumbuhan-12-di-akhir-2024,Neutral,0.0,Positive,0.7351,Positive,60,Positive,Sangat Positif
Bank Negara Indonesia,BNI Raih Penghargaan Bank Operasional Terbaik Pengelola Kas Negara,https://finance.detik.com/berita-ekonomi-bisnis/d-7747954/bni-raih-penghargaan-bank-operasional-terbaik-pengelola-kas-negara,Neutral,0.0,Neutral,0.0,Positive,3,Positive,Positif
Bank Negara Indonesia,"BNI Resmi Luncurkan wondr, Super Apps Dengan 3 Fitur Ciamik",https://finance.detik.com/moneter/d-7424416/bni-resmi-luncurkan-wondr-super-apps-dengan-3-fitur-ciamik,Neutral,0.026190476190476184,Positive,0.9657,Positive,18,Positive,Sangat Positif
Bank Negara Indonesia,Legislator Novita Ungkap Makna Penting Koperasi Merah Putih Pertama di Tanah Leluhur Prabowo,https://news.detik.com/berita/d-7981906/legislator-novita-ungkap-makna-penting-koperasi-merah-putih-pertama-di-tanah-leluhur-prabowo,Neutral,0.0,Neutral,0.0,Positive,7,Positive,Positif
Bank Negara Indonesia,Respons Bank BUMN soal Program Prabowo Hapus Utang UMKM,https://finance.detik.com/moneter/d-7629524/respons-bank-bumn-soal-program-prabowo-hapus-utang-umkm,Neutral,0.0,Positive,0.4019,Positive,27,Positive,Positif
Bank Negara Indonesia,"BNI Cetak Laba Rp 5,3 T di Kuartal I-2024, Naik 2%",https://finance.detik.com/moneter/d-7316706/bni-cetak-laba-rp-5-3-t-di-kuartal-i-2024-naik-2,Neutral,0.0,Negative,-0.4767,Neutral,0,Neutral,Netral
Bank Negara Indonesia,"Erick Thohir Rombak Direksi & Komisaris BNI, Wadirut Diganti",https://finance.detik.com/bursa-dan-valas/d-7224831/erick-thohir-rombak-direksi-komisaris-bni-wadirut-diganti,Neutral,0.0,Negative,-0.2732,Neutral,2,Neutral,Netral
Bank Negara Indonesia,BNI Jadi Satu-satunya Bank Asal Indonesia Raih Penghargaan ASRA 2024,https://finance.detik.com/moneter/d-7812385/bni-jadi-satu-satunya-bank-asal-indonesia-raih-penghargaan-asra-2024,Neutral,0.16666666666666666,Positive,0.9524,Neutral,1,Neutral,Netral
Bank Negara Indonesia,"BNI Sediakan Uang Tunai Rp 26,6 T Selama Periode Ramadan dan Lebaran",https://finance.detik.com/moneter/d-7266969/bni-sediakan-uang-tunai-rp-26-6-t-selama-periode-ramadan-dan-lebaran,Neutral,0.0,Neutral,0.0,Positive,3,Positive,Positif
Bank Negara Indonesia,"Dukung Transisi Energi, BNI Danai Proyek Pembangkit Listrik Tenaga Surya",https://finance.detik.com/energi/d-7260780/dukung-transisi-energi-bni-danai-proyek-pembangkit-listrik-tenaga-surya,Neutral,-0.02380952380952381,Neutral,0.0,Neutral,2,Neutral,Netral
